               epoch,      train/box_loss,      train/obj_loss,      train/cls_loss,   metrics/precision,      metrics/recall,     metrics/mAP_0.5,metrics/mAP_0.5:0.95,        val/box_loss,        val/obj_loss,        val/cls_loss,               x/lr0,               x/lr1,               x/lr2
                   0,            0.078619,            0.041746,            0.030849,             0.43814,             0.28947,             0.16883,            0.064261,            0.058668,            0.028488,            0.021215,            0.070135,           0.0033183,           0.0033183
                   1,            0.058502,            0.032669,            0.014535,             0.48361,             0.47156,             0.39194,             0.18037,            0.051681,            0.025423,            0.013858,            0.040113,           0.0066297,           0.0066297
                   2,            0.051013,            0.029474,           0.0094275,               0.566,             0.65978,             0.58968,             0.27777,            0.043704,            0.023946,           0.0079406,            0.010069,           0.0099191,           0.0099191
                   3,            0.044852,            0.027811,            0.006377,             0.71447,             0.69929,             0.72385,             0.37214,            0.038576,            0.023687,           0.0058714,            0.009901,            0.009901,            0.009901
                   4,            0.040601,            0.027085,           0.0050619,              0.7085,             0.73014,             0.73728,             0.40857,            0.037137,            0.022841,           0.0049763,            0.009901,            0.009901,            0.009901
                   5,            0.038604,            0.026518,           0.0045015,             0.80098,             0.74907,             0.80294,             0.47545,            0.034494,            0.022333,           0.0044578,            0.009868,            0.009868,            0.009868
                   6,            0.036862,            0.025452,           0.0041844,             0.80067,             0.69582,             0.75583,             0.43051,            0.035121,            0.024143,           0.0051263,            0.009835,            0.009835,            0.009835
                   7,            0.035839,            0.025312,           0.0037584,             0.82003,             0.76329,             0.81654,             0.48251,            0.033497,            0.022092,           0.0042562,            0.009802,            0.009802,            0.009802
                   8,            0.034805,            0.024696,           0.0033938,             0.81036,             0.77058,             0.81518,             0.47795,            0.032504,            0.021993,           0.0041968,            0.009769,            0.009769,            0.009769
                   9,            0.034129,            0.024476,           0.0033908,             0.83764,             0.75562,             0.82503,             0.50275,             0.03164,            0.022098,           0.0035853,            0.009736,            0.009736,            0.009736
                  10,            0.033327,            0.023979,            0.003074,              0.8547,             0.79849,             0.86454,             0.52735,            0.030992,             0.02147,           0.0032396,            0.009703,            0.009703,            0.009703
                  11,            0.032811,            0.023794,             0.00289,             0.88418,             0.77807,             0.84407,             0.50977,            0.031036,            0.021419,           0.0034503,             0.00967,             0.00967,             0.00967
                  12,            0.032547,            0.023439,           0.0027965,             0.85887,             0.78077,             0.84689,             0.52238,            0.031103,             0.02176,           0.0035829,            0.009637,            0.009637,            0.009637
                  13,            0.032484,            0.023716,           0.0028845,             0.86377,             0.81612,             0.87841,              0.5477,            0.030209,             0.02095,           0.0028863,            0.009604,            0.009604,            0.009604
                  14,            0.031566,            0.022897,           0.0025814,             0.86938,             0.83216,             0.87912,             0.56485,            0.029451,            0.020636,           0.0027996,            0.009571,            0.009571,            0.009571
                  15,            0.031087,             0.02288,           0.0025676,              0.8729,             0.80638,             0.86362,             0.55032,             0.02939,            0.021193,           0.0029908,            0.009538,            0.009538,            0.009538
                  16,            0.030339,            0.022464,           0.0024448,             0.89472,             0.81662,             0.87946,             0.56243,            0.028764,            0.020765,           0.0030053,            0.009505,            0.009505,            0.009505
                  17,             0.03046,            0.022585,            0.002285,             0.88148,             0.82012,             0.87911,             0.57414,            0.028498,            0.020527,           0.0026728,            0.009472,            0.009472,            0.009472
                  18,            0.029911,            0.021801,           0.0022514,             0.87251,             0.82468,             0.87302,             0.55553,             0.02937,            0.020962,           0.0028634,            0.009439,            0.009439,            0.009439
                  19,            0.029358,            0.021586,           0.0021346,             0.89316,              0.8504,             0.89986,             0.58997,            0.027943,             0.02038,           0.0024059,            0.009406,            0.009406,            0.009406
                  20,            0.028892,            0.021377,           0.0022215,             0.86139,             0.81718,             0.87329,             0.55987,            0.028452,            0.021085,           0.0029092,            0.009373,            0.009373,            0.009373
                  21,              0.0285,            0.021108,           0.0020656,             0.87659,             0.82417,             0.88146,              0.5689,            0.028372,            0.020733,             0.00238,             0.00934,             0.00934,             0.00934
                  22,            0.028059,            0.020922,           0.0020074,             0.88704,             0.83256,             0.88284,             0.58634,            0.027747,            0.021012,           0.0025724,            0.009307,            0.009307,            0.009307
                  23,            0.028046,            0.021058,           0.0019227,             0.89467,             0.83027,             0.88393,             0.59324,             0.02787,            0.020388,           0.0023602,            0.009274,            0.009274,            0.009274
                  24,             0.02777,            0.020631,           0.0019424,             0.90547,             0.81579,             0.88617,             0.59092,            0.027925,            0.020962,           0.0023774,            0.009241,            0.009241,            0.009241
                  25,            0.027644,            0.020683,           0.0018916,             0.88469,             0.84313,             0.89777,             0.60067,            0.027264,            0.019995,           0.0022169,            0.009208,            0.009208,            0.009208
                  26,            0.027367,            0.020094,           0.0018878,             0.90331,             0.83187,             0.89257,             0.60759,            0.027094,            0.020562,           0.0022772,            0.009175,            0.009175,            0.009175
                  27,            0.027042,            0.020334,           0.0018843,             0.88745,             0.84958,             0.89521,             0.59901,            0.027114,            0.020532,           0.0024395,            0.009142,            0.009142,            0.009142
                  28,            0.026879,            0.019829,           0.0017869,             0.88859,             0.86186,             0.89561,             0.59939,            0.026949,            0.020219,           0.0023682,            0.009109,            0.009109,            0.009109
                  29,            0.026654,            0.019925,           0.0017275,             0.90631,             0.83072,             0.88613,             0.59405,            0.026978,            0.020631,           0.0022632,            0.009076,            0.009076,            0.009076
                  30,            0.026284,            0.019723,           0.0017703,             0.88184,             0.86926,             0.90564,             0.61294,            0.026615,            0.020159,           0.0022295,            0.009043,            0.009043,            0.009043
                  31,            0.026213,            0.019391,           0.0016471,              0.9006,             0.86226,             0.90905,             0.61212,            0.026729,            0.020013,           0.0022632,             0.00901,             0.00901,             0.00901
                  32,            0.026093,            0.019762,            0.001627,             0.90078,             0.84919,             0.90031,             0.60589,            0.026395,            0.020229,           0.0022705,            0.008977,            0.008977,            0.008977
                  33,             0.02601,            0.019298,           0.0016127,             0.90454,             0.85768,             0.89952,             0.60396,            0.026721,            0.020117,           0.0023093,            0.008944,            0.008944,            0.008944
                  34,            0.025756,            0.019494,             0.00159,             0.89563,             0.85453,             0.90152,             0.61749,            0.026259,            0.020124,           0.0021159,            0.008911,            0.008911,            0.008911
                  35,            0.025585,            0.019557,           0.0015769,             0.88955,             0.85247,              0.8963,              0.6162,            0.025949,            0.020107,           0.0022765,            0.008878,            0.008878,            0.008878
                  36,            0.025502,            0.018996,           0.0015844,             0.89333,              0.8532,             0.89362,             0.61837,            0.026086,            0.020036,           0.0021944,            0.008845,            0.008845,            0.008845
                  37,            0.025226,            0.019179,           0.0015739,             0.90796,             0.85215,             0.90967,             0.62658,             0.02576,            0.020483,           0.0021839,            0.008812,            0.008812,            0.008812
                  38,            0.025448,            0.019141,           0.0015501,             0.91919,             0.85653,              0.9127,             0.63164,            0.025611,            0.019857,           0.0019955,            0.008779,            0.008779,            0.008779
                  39,            0.024966,            0.019107,            0.001515,             0.89606,             0.86849,             0.90428,             0.63117,            0.025602,            0.019998,           0.0020446,            0.008746,            0.008746,            0.008746
                  40,            0.025132,            0.018849,           0.0014958,             0.91755,             0.85619,             0.89957,             0.62035,            0.025851,            0.020092,           0.0021241,            0.008713,            0.008713,            0.008713
                  41,            0.024622,            0.018673,            0.001402,             0.90372,               0.851,             0.90282,             0.63325,            0.025574,            0.019918,           0.0020199,             0.00868,             0.00868,             0.00868
                  42,            0.024435,            0.018336,           0.0015026,             0.90651,             0.86116,             0.91302,              0.6386,            0.025274,            0.019726,            0.001901,            0.008647,            0.008647,            0.008647
                  43,            0.024413,            0.018274,           0.0014941,               0.909,             0.85756,             0.90336,             0.62829,             0.02561,            0.020294,           0.0021702,            0.008614,            0.008614,            0.008614
                  44,            0.024186,            0.018162,            0.001445,             0.91781,             0.85532,             0.90451,             0.63405,            0.025279,            0.019963,           0.0019148,            0.008581,            0.008581,            0.008581
                  45,            0.023736,            0.018212,           0.0014055,             0.91582,             0.85462,              0.9085,             0.63422,            0.025157,            0.019951,           0.0019399,            0.008548,            0.008548,            0.008548
                  46,            0.024064,            0.018212,           0.0014234,             0.91136,             0.84666,             0.90614,              0.6303,            0.025341,            0.020583,           0.0021849,            0.008515,            0.008515,            0.008515
                  47,            0.024274,            0.018234,           0.0014345,             0.90505,             0.86539,              0.9048,             0.63002,            0.025299,            0.020297,           0.0020394,            0.008482,            0.008482,            0.008482
                  48,            0.023565,            0.017727,           0.0013634,             0.90075,             0.86995,             0.90515,             0.63442,             0.02526,            0.020324,           0.0020752,            0.008449,            0.008449,            0.008449
                  49,            0.023845,            0.017672,           0.0013125,             0.91818,             0.87167,             0.91905,               0.636,            0.025074,            0.019686,            0.001875,            0.008416,            0.008416,            0.008416
                  50,            0.023561,             0.01736,           0.0013248,              0.9213,             0.86778,             0.91706,             0.63365,            0.025087,            0.019949,           0.0018522,            0.008383,            0.008383,            0.008383
                  51,            0.023386,            0.017998,           0.0013184,             0.91676,             0.86226,             0.91381,             0.63785,            0.025045,            0.020263,           0.0019778,             0.00835,             0.00835,             0.00835
                  52,            0.023321,            0.017686,           0.0012173,             0.92186,              0.8777,             0.91971,             0.64506,            0.024785,            0.020143,           0.0020581,            0.008317,            0.008317,            0.008317
                  53,            0.023571,            0.017791,           0.0013197,             0.90614,              0.8704,             0.90398,             0.63447,             0.02511,            0.020005,           0.0020038,            0.008284,            0.008284,            0.008284
                  54,            0.023243,            0.017426,           0.0013196,             0.92072,               0.861,             0.91052,             0.64183,            0.024934,            0.020084,           0.0018549,            0.008251,            0.008251,            0.008251
                  55,            0.022772,            0.017399,           0.0012757,             0.91418,             0.87998,             0.91807,             0.64937,            0.024819,            0.019419,           0.0018873,            0.008218,            0.008218,            0.008218
                  56,             0.02328,            0.017776,           0.0013063,             0.92471,             0.86419,             0.91448,             0.64641,            0.024854,             0.02018,           0.0021003,            0.008185,            0.008185,            0.008185
                  57,            0.023296,            0.017534,            0.001336,             0.91069,             0.87506,             0.91442,             0.64788,            0.024568,             0.01945,           0.0019909,            0.008152,            0.008152,            0.008152
                  58,            0.023107,            0.017746,           0.0012491,             0.93264,              0.8585,              0.9117,             0.64531,            0.024704,            0.020097,           0.0020735,            0.008119,            0.008119,            0.008119
                  59,            0.022619,            0.017174,           0.0012099,             0.91205,             0.86543,             0.91328,             0.64695,            0.024576,            0.019681,           0.0019123,            0.008086,            0.008086,            0.008086
                  60,            0.022357,            0.017069,           0.0012635,             0.91436,             0.87143,             0.91051,               0.651,            0.024603,             0.02021,           0.0019699,            0.008053,            0.008053,            0.008053
                  61,            0.022588,            0.017355,           0.0012849,             0.91254,             0.87443,             0.91221,             0.64987,            0.024787,            0.019934,           0.0021073,             0.00802,             0.00802,             0.00802
                  62,            0.022304,            0.016985,           0.0012232,             0.92235,             0.85222,             0.91513,             0.65055,            0.024405,            0.019878,           0.0019621,            0.007987,            0.007987,            0.007987
                  63,            0.022325,            0.017023,           0.0011918,             0.91045,               0.878,             0.92096,             0.65446,            0.024389,            0.019676,            0.002022,            0.007954,            0.007954,            0.007954
                  64,            0.022542,            0.017155,           0.0012573,              0.9207,             0.86382,             0.92141,             0.65167,            0.024357,            0.019701,           0.0018697,            0.007921,            0.007921,            0.007921
                  65,            0.022328,            0.016939,           0.0011653,             0.91464,             0.87782,              0.9176,             0.65455,            0.024417,            0.019977,           0.0020134,            0.007888,            0.007888,            0.007888
                  66,             0.02206,            0.016858,           0.0011217,             0.92789,             0.87265,               0.917,             0.65371,            0.024387,            0.020207,           0.0018998,            0.007855,            0.007855,            0.007855
                  67,            0.022123,            0.017157,           0.0012049,             0.90931,             0.86855,             0.91124,             0.65585,            0.024275,            0.020414,           0.0018128,            0.007822,            0.007822,            0.007822
                  68,            0.021889,            0.016707,            0.001243,             0.89703,             0.87187,             0.90801,             0.65049,            0.024373,            0.020591,           0.0018649,            0.007789,            0.007789,            0.007789
                  69,            0.022041,            0.016707,           0.0012189,             0.91577,             0.87394,             0.91182,             0.65866,            0.023978,            0.020026,           0.0019272,            0.007756,            0.007756,            0.007756
                  70,            0.022002,            0.016545,           0.0011741,             0.92723,             0.86462,             0.91632,              0.6563,            0.024142,            0.020058,           0.0019618,            0.007723,            0.007723,            0.007723
                  71,            0.021729,            0.016743,           0.0011927,             0.91452,             0.87973,             0.91747,             0.65628,            0.024067,            0.019653,           0.0018119,             0.00769,             0.00769,             0.00769
                  72,            0.021629,            0.016483,           0.0011433,             0.92625,             0.87657,             0.92052,             0.65812,            0.024063,            0.019823,           0.0018301,            0.007657,            0.007657,            0.007657
                  73,            0.021629,            0.016455,           0.0012336,             0.92532,             0.88241,             0.92174,             0.66156,            0.024129,            0.019916,           0.0018829,            0.007624,            0.007624,            0.007624
                  74,            0.021894,             0.01637,            0.001206,             0.92417,              0.8824,             0.92073,             0.66308,            0.024056,             0.01968,           0.0018302,            0.007591,            0.007591,            0.007591
                  75,            0.021635,            0.016369,            0.001171,             0.92009,             0.87593,             0.92091,             0.66719,            0.023979,            0.019966,           0.0019102,            0.007558,            0.007558,            0.007558
                  76,             0.02141,            0.016496,           0.0011017,             0.91692,             0.88218,             0.92057,               0.669,            0.023993,            0.020553,           0.0019858,            0.007525,            0.007525,            0.007525
                  77,            0.021469,              0.0164,           0.0011319,             0.91545,             0.87873,             0.92217,             0.66987,            0.023872,            0.020205,           0.0018546,            0.007492,            0.007492,            0.007492
                  78,            0.021126,            0.016269,           0.0010868,             0.92646,             0.88427,             0.92151,              0.6655,            0.023853,            0.019838,           0.0018744,            0.007459,            0.007459,            0.007459
                  79,            0.021529,            0.016381,           0.0011412,             0.93019,             0.87893,             0.92123,             0.66118,            0.024047,            0.020039,           0.0019602,            0.007426,            0.007426,            0.007426
                  80,            0.021373,            0.016395,           0.0011215,             0.91729,             0.88355,             0.92156,             0.66368,            0.023833,            0.019935,           0.0019608,            0.007393,            0.007393,            0.007393
                  81,            0.021156,            0.016424,           0.0010742,             0.92311,             0.88392,             0.91865,             0.66482,            0.023905,            0.019837,           0.0017756,             0.00736,             0.00736,             0.00736
                  82,             0.02124,             0.01628,           0.0011197,             0.92544,             0.88315,             0.92061,              0.6669,            0.023817,            0.019704,           0.0017696,            0.007327,            0.007327,            0.007327
                  83,            0.021011,            0.016196,           0.0010934,             0.91857,              0.8807,             0.91505,             0.66608,            0.023867,            0.020062,           0.0018814,            0.007294,            0.007294,            0.007294
                  84,            0.020952,            0.016214,           0.0010699,             0.92653,             0.86841,             0.91763,             0.66275,            0.023899,            0.020172,           0.0019103,            0.007261,            0.007261,            0.007261
                  85,             0.02076,            0.015999,           0.0010229,             0.92125,             0.87427,             0.91809,             0.66689,            0.023831,            0.020141,           0.0018345,            0.007228,            0.007228,            0.007228
                  86,            0.020806,            0.016013,           0.0010744,               0.929,             0.87787,             0.91715,             0.66606,            0.023876,            0.020258,           0.0017665,            0.007195,            0.007195,            0.007195
                  87,            0.020868,            0.016239,           0.0010805,              0.9262,             0.88733,             0.91678,             0.66584,            0.023918,            0.020012,           0.0018695,            0.007162,            0.007162,            0.007162
                  88,            0.020748,            0.015747,           0.0011278,             0.91953,             0.88177,             0.91795,             0.66576,            0.023731,            0.020002,           0.0017662,            0.007129,            0.007129,            0.007129
                  89,            0.020669,            0.015781,           0.0010391,             0.91709,             0.88684,             0.91776,              0.6696,            0.023845,            0.020071,           0.0019254,            0.007096,            0.007096,            0.007096
                  90,            0.020813,            0.015835,           0.0010983,             0.92488,              0.8909,             0.92582,             0.66715,            0.023736,            0.020122,           0.0017758,            0.007063,            0.007063,            0.007063
                  91,            0.020443,            0.015695,            0.001062,             0.93079,             0.88299,              0.9279,             0.66818,            0.023706,            0.020062,           0.0016718,             0.00703,             0.00703,             0.00703
                  92,            0.020491,            0.015732,           0.0010136,             0.92901,             0.88286,             0.92609,              0.6692,            0.023639,            0.019827,           0.0017506,            0.006997,            0.006997,            0.006997
                  93,            0.020306,            0.015543,           0.0010538,             0.92691,             0.87726,             0.91529,              0.6605,            0.023859,            0.020111,           0.0018137,            0.006964,            0.006964,            0.006964
                  94,            0.020228,             0.01565,           0.0010265,             0.94028,             0.87611,              0.9203,             0.66623,            0.023655,            0.019743,           0.0017772,            0.006931,            0.006931,            0.006931
                  95,             0.02024,            0.015597,          0.00095832,             0.93043,              0.8848,             0.92418,             0.67086,            0.023648,            0.019877,            0.001803,            0.006898,            0.006898,            0.006898
                  96,            0.020075,            0.015582,           0.0010369,              0.9296,               0.884,              0.9184,             0.66659,            0.023709,            0.020126,            0.001846,            0.006865,            0.006865,            0.006865
                  97,            0.020172,            0.015236,           0.0010238,             0.92061,             0.88912,             0.91959,             0.67055,            0.023594,             0.02019,           0.0018799,            0.006832,            0.006832,            0.006832
                  98,            0.020266,            0.015613,           0.0010684,              0.9177,             0.88714,             0.91698,             0.66785,            0.023469,            0.019912,           0.0017458,            0.006799,            0.006799,            0.006799
                  99,            0.020142,            0.015719,           0.0010165,             0.92791,             0.87656,             0.91508,              0.6661,            0.023889,            0.020091,           0.0018427,            0.006766,            0.006766,            0.006766
                 100,            0.019869,            0.015438,           0.0010344,              0.9268,             0.86967,             0.91078,             0.66644,            0.023679,            0.020332,           0.0018548,            0.006733,            0.006733,            0.006733
                 101,            0.020014,            0.015278,            0.001003,             0.92823,             0.87696,             0.91565,             0.67023,            0.023646,             0.02034,           0.0017689,              0.0067,              0.0067,              0.0067
                 102,             0.01996,            0.015375,           0.0010133,             0.92504,             0.87842,              0.9178,             0.66768,            0.023741,            0.020374,            0.001729,            0.006667,            0.006667,            0.006667
                 103,            0.019872,            0.015407,           0.0010119,              0.9244,             0.87685,             0.91766,             0.67028,            0.023663,              0.0204,           0.0017676,            0.006634,            0.006634,            0.006634
                 104,            0.019738,            0.015317,          0.00095617,             0.93199,             0.87309,             0.91858,              0.6709,            0.023612,            0.020404,           0.0017718,            0.006601,            0.006601,            0.006601
                 105,            0.019511,            0.015359,           0.0010228,             0.92497,             0.88203,             0.91442,             0.66956,            0.023631,            0.020246,           0.0018624,            0.006568,            0.006568,            0.006568
                 106,            0.019647,            0.015071,           0.0010047,              0.9238,             0.88132,             0.91509,             0.66907,            0.023552,              0.0202,           0.0018711,            0.006535,            0.006535,            0.006535
                 107,            0.019581,            0.015105,          0.00096828,             0.93269,             0.88006,             0.92115,              0.6744,            0.023422,            0.019937,           0.0018187,            0.006502,            0.006502,            0.006502
                 108,            0.019725,            0.015067,           0.0009882,             0.92722,             0.87807,             0.91577,             0.67036,             0.02339,            0.020183,           0.0018465,            0.006469,            0.006469,            0.006469
                 109,            0.019468,            0.015155,          0.00096648,             0.92426,             0.88491,             0.91779,             0.66815,            0.023437,            0.020357,           0.0018547,            0.006436,            0.006436,            0.006436
                 110,            0.019193,            0.014979,          0.00093388,             0.92652,             0.89527,             0.92396,              0.6732,            0.023303,            0.020274,           0.0018477,            0.006403,            0.006403,            0.006403
                 111,            0.019334,            0.014968,          0.00097751,             0.93583,             0.87618,             0.92039,             0.67059,            0.023425,            0.020477,           0.0019074,             0.00637,             0.00637,             0.00637
                 112,            0.019447,            0.014935,          0.00098578,             0.93412,             0.87205,             0.91738,             0.66865,            0.023426,            0.020303,           0.0019222,            0.006337,            0.006337,            0.006337
                 113,            0.019314,            0.015051,          0.00093814,             0.93353,             0.87908,              0.9184,              0.6693,            0.023413,            0.020128,           0.0018323,            0.006304,            0.006304,            0.006304
                 114,            0.019304,            0.015147,          0.00096847,             0.92837,             0.87438,             0.91818,             0.66916,            0.023395,            0.020165,           0.0018151,            0.006271,            0.006271,            0.006271
                 115,            0.019158,            0.014945,          0.00098685,             0.93082,              0.8748,             0.91683,             0.66905,            0.023452,            0.020262,            0.001844,            0.006238,            0.006238,            0.006238
                 116,            0.019164,            0.014984,            0.000979,             0.93006,             0.87708,             0.91698,              0.6671,             0.02337,            0.020271,           0.0018059,            0.006205,            0.006205,            0.006205
                 117,            0.019162,            0.014837,          0.00099478,             0.92384,             0.88214,             0.91846,             0.66873,            0.023398,            0.020431,           0.0018117,            0.006172,            0.006172,            0.006172
                 118,            0.019224,            0.015073,          0.00097521,             0.92096,             0.88472,             0.92122,             0.67179,            0.023328,            0.020199,           0.0017943,            0.006139,            0.006139,            0.006139
                 119,            0.019006,            0.014858,           0.0009845,             0.92141,             0.88313,             0.91641,             0.67253,            0.023295,            0.020253,           0.0018048,            0.006106,            0.006106,            0.006106
                 120,            0.019126,            0.014703,          0.00094484,             0.93546,             0.87747,             0.91984,             0.67514,            0.023295,            0.020176,           0.0017473,            0.006073,            0.006073,            0.006073
                 121,            0.018993,            0.014621,          0.00096161,              0.9323,             0.88424,             0.91802,             0.67261,            0.023303,              0.0203,           0.0017784,             0.00604,             0.00604,             0.00604
                 122,            0.018871,            0.014511,          0.00098701,             0.93948,             0.88044,             0.91987,              0.6702,            0.023265,            0.020233,           0.0016841,            0.006007,            0.006007,            0.006007
                 123,            0.018806,             0.01458,           0.0009139,             0.93868,             0.87814,              0.9216,             0.67234,            0.023234,            0.020261,            0.001711,            0.005974,            0.005974,            0.005974
                 124,            0.018553,            0.014432,          0.00090933,             0.93444,             0.87469,             0.91869,             0.67468,            0.023254,            0.020278,           0.0017118,            0.005941,            0.005941,            0.005941
                 125,            0.018621,            0.014489,          0.00094072,             0.93516,             0.88105,              0.9218,             0.67317,            0.023277,            0.020346,           0.0017351,            0.005908,            0.005908,            0.005908
                 126,            0.018546,            0.014559,           0.0009109,             0.93175,             0.89072,             0.92004,             0.67645,            0.023199,            0.020446,           0.0016887,            0.005875,            0.005875,            0.005875
                 127,              0.0189,             0.01465,          0.00095631,             0.92927,             0.88556,             0.92133,             0.67517,            0.023183,             0.02048,           0.0017548,            0.005842,            0.005842,            0.005842
                 128,            0.018484,            0.014475,          0.00085803,             0.92697,             0.88812,             0.92189,             0.67739,            0.023215,            0.020415,            0.001784,            0.005809,            0.005809,            0.005809
                 129,            0.018479,            0.014598,          0.00092757,             0.92533,             0.89043,             0.91953,             0.67467,             0.02324,            0.020474,           0.0017862,            0.005776,            0.005776,            0.005776
                 130,            0.018361,             0.01437,          0.00086422,             0.92963,              0.8835,             0.92172,             0.67857,            0.023208,            0.020462,           0.0017395,            0.005743,            0.005743,            0.005743
                 131,            0.018385,            0.014355,          0.00088763,              0.9276,             0.88825,             0.92217,             0.68053,            0.023186,             0.02056,           0.0017431,             0.00571,             0.00571,             0.00571
                 132,            0.018387,            0.014468,          0.00092083,             0.93114,             0.88599,             0.92385,             0.67823,            0.023141,            0.020465,           0.0016876,            0.005677,            0.005677,            0.005677
                 133,            0.018374,            0.014338,          0.00092127,             0.92442,             0.89357,              0.9256,             0.68082,            0.023123,             0.02028,           0.0016897,            0.005644,            0.005644,            0.005644
                 134,             0.01834,            0.014523,          0.00089659,             0.92356,             0.88719,             0.92148,             0.67703,             0.02313,            0.020366,           0.0017329,            0.005611,            0.005611,            0.005611
                 135,            0.018241,            0.014173,          0.00093677,             0.92389,             0.88837,             0.92138,             0.67608,            0.023146,            0.020387,           0.0017601,            0.005578,            0.005578,            0.005578
                 136,            0.018255,            0.014078,          0.00091645,             0.92873,             0.88987,             0.91943,             0.67407,            0.023231,            0.020438,             0.00178,            0.005545,            0.005545,            0.005545
                 137,            0.018075,            0.014029,          0.00090586,             0.91845,             0.89229,             0.91763,             0.67489,            0.023278,            0.020502,           0.0017833,            0.005512,            0.005512,            0.005512
                 138,            0.018322,            0.014081,          0.00089404,             0.92535,             0.89227,             0.92055,             0.67432,            0.023217,            0.020528,           0.0017571,            0.005479,            0.005479,            0.005479
                 139,            0.018221,            0.014245,          0.00092168,             0.92516,             0.89093,              0.9222,             0.67536,            0.023196,            0.020547,           0.0017141,            0.005446,            0.005446,            0.005446
                 140,            0.018125,            0.014039,          0.00084742,             0.92211,             0.89352,             0.92357,             0.67574,            0.023229,            0.020582,           0.0016951,            0.005413,            0.005413,            0.005413
                 141,            0.018024,            0.014204,          0.00092614,             0.92632,             0.88449,             0.91956,             0.67519,            0.023185,            0.020526,           0.0016855,             0.00538,             0.00538,             0.00538
                 142,            0.017803,             0.01389,           0.0008737,             0.92997,             0.88174,             0.91869,             0.67565,            0.023163,            0.020617,           0.0016873,            0.005347,            0.005347,            0.005347
                 143,            0.017745,            0.013757,          0.00094549,             0.92948,             0.87898,             0.91833,              0.6759,            0.023084,            0.020523,           0.0016924,            0.005314,            0.005314,            0.005314
                 144,            0.017988,            0.013952,          0.00083662,             0.92242,             0.88335,             0.91996,             0.67634,            0.023032,            0.020537,           0.0017151,            0.005281,            0.005281,            0.005281
                 145,            0.017837,            0.014063,          0.00083223,             0.92458,             0.88244,             0.92065,             0.67663,            0.022984,            0.020573,           0.0017278,            0.005248,            0.005248,            0.005248
                 146,            0.017591,             0.01361,           0.0008533,              0.9288,              0.8821,             0.92395,             0.67832,            0.022921,            0.020567,           0.0017215,            0.005215,            0.005215,            0.005215
                 147,            0.017746,            0.013779,          0.00089831,              0.9263,             0.88557,             0.92491,             0.67938,            0.022882,            0.020545,           0.0017202,            0.005182,            0.005182,            0.005182
                 148,            0.017848,            0.013691,           0.0008742,             0.93078,             0.88565,             0.92616,             0.67991,            0.022884,             0.02058,           0.0017153,            0.005149,            0.005149,            0.005149
                 149,            0.017455,            0.013774,          0.00084725,             0.92933,             0.89071,             0.92687,             0.67889,            0.022882,            0.020596,           0.0017463,            0.005116,            0.005116,            0.005116
                 150,            0.017523,            0.013541,           0.0008494,             0.92802,             0.89573,             0.92696,             0.68087,            0.022909,            0.020626,           0.0017542,            0.005083,            0.005083,            0.005083
                 151,            0.017387,            0.013616,          0.00082684,             0.92742,             0.89754,             0.92619,             0.67926,            0.022952,            0.020698,           0.0017569,             0.00505,             0.00505,             0.00505
                 152,            0.017412,            0.013572,          0.00084007,             0.92747,             0.89954,             0.92723,             0.67928,             0.02301,            0.020733,           0.0017319,            0.005017,            0.005017,            0.005017
                 153,            0.017487,            0.013636,          0.00092016,             0.92867,             0.89358,             0.92493,             0.67889,            0.022995,            0.020703,           0.0017075,            0.004984,            0.004984,            0.004984
                 154,            0.017258,            0.013776,          0.00080073,             0.92686,             0.89431,             0.92417,                0.68,            0.022975,            0.020695,           0.0016987,            0.004951,            0.004951,            0.004951
                 155,            0.017107,            0.013397,          0.00085701,              0.9313,             0.89022,             0.92445,             0.68029,            0.022953,            0.020689,           0.0017042,            0.004918,            0.004918,            0.004918
                 156,            0.017109,            0.013416,          0.00081856,             0.93344,               0.885,             0.92535,             0.68078,             0.02297,            0.020682,           0.0017169,            0.004885,            0.004885,            0.004885
                 157,            0.017294,            0.013413,          0.00085674,             0.92931,             0.88904,             0.92414,             0.67881,            0.022958,            0.020691,           0.0017269,            0.004852,            0.004852,            0.004852
                 158,            0.017256,             0.01339,          0.00084992,             0.92625,              0.8929,             0.92479,             0.67833,            0.022919,            0.020667,           0.0017275,            0.004819,            0.004819,            0.004819
                 159,            0.016997,            0.013435,           0.0007886,             0.92659,             0.88849,             0.92399,             0.67811,            0.022889,            0.020697,           0.0017157,            0.004786,            0.004786,            0.004786
                 160,            0.017067,            0.013192,          0.00083719,             0.92959,             0.89187,             0.92644,             0.67904,            0.022856,            0.020772,           0.0016956,            0.004753,            0.004753,            0.004753
                 161,             0.01704,            0.013274,          0.00078748,             0.92976,             0.89547,             0.92618,              0.6809,             0.02283,            0.020845,           0.0016925,             0.00472,             0.00472,             0.00472
                 162,            0.016718,            0.013156,          0.00078917,             0.93263,             0.89183,             0.92749,             0.68162,            0.022817,            0.020889,           0.0017036,            0.004687,            0.004687,            0.004687
                 163,             0.01683,            0.013075,          0.00076427,              0.9333,             0.88968,             0.92775,             0.68102,            0.022824,            0.020968,           0.0017187,            0.004654,            0.004654,            0.004654
                 164,             0.01681,             0.01338,          0.00078219,             0.93419,             0.88941,             0.92698,             0.68152,            0.022823,            0.020983,            0.001738,            0.004621,            0.004621,            0.004621
                 165,            0.016683,            0.013193,          0.00078697,             0.93522,             0.88744,             0.92707,             0.68209,            0.022824,            0.020986,           0.0017491,            0.004588,            0.004588,            0.004588
                 166,            0.016757,            0.013355,          0.00081041,             0.93464,             0.88456,             0.92765,             0.68194,            0.022825,            0.021017,            0.001745,            0.004555,            0.004555,            0.004555
                 167,            0.016669,            0.013227,          0.00079998,             0.93239,             0.88531,             0.92701,             0.68308,            0.022834,            0.021044,           0.0017518,            0.004522,            0.004522,            0.004522
                 168,            0.016656,            0.013107,          0.00080539,             0.93249,             0.88691,             0.92699,             0.68387,             0.02282,             0.02101,            0.001751,            0.004489,            0.004489,            0.004489
                 169,             0.01639,             0.01303,          0.00078468,             0.93105,             0.88847,             0.92729,             0.68329,            0.022827,            0.021014,           0.0017475,            0.004456,            0.004456,            0.004456
                 170,            0.016502,            0.013047,          0.00078153,              0.9298,             0.88747,             0.92738,             0.68282,            0.022828,            0.021055,           0.0017487,            0.004423,            0.004423,            0.004423
                 171,            0.016387,            0.013037,           0.0007571,             0.93355,             0.88428,              0.9272,             0.68415,            0.022838,            0.021099,           0.0017559,             0.00439,             0.00439,             0.00439
                 172,            0.016445,            0.013097,          0.00077817,             0.92642,             0.88979,             0.92668,             0.68322,            0.022836,             0.02109,           0.0017636,            0.004357,            0.004357,            0.004357
                 173,            0.016415,            0.013065,          0.00080107,             0.92613,             0.88946,             0.92644,             0.68415,            0.022879,            0.021117,           0.0017795,            0.004324,            0.004324,            0.004324
                 174,            0.016331,            0.012978,          0.00075916,             0.92924,             0.88758,             0.92576,             0.68378,            0.022899,            0.021159,           0.0017867,            0.004291,            0.004291,            0.004291
                 175,            0.016223,            0.012933,          0.00073806,             0.94532,             0.87319,             0.92768,             0.68502,            0.022895,            0.021151,           0.0017827,            0.004258,            0.004258,            0.004258
                 176,            0.016265,            0.012771,          0.00074822,             0.92925,             0.89024,             0.92716,             0.68473,            0.022873,            0.021112,           0.0017776,            0.004225,            0.004225,            0.004225
                 177,            0.016196,            0.012786,          0.00078116,             0.94942,             0.87489,             0.92837,             0.68526,            0.022863,             0.02111,           0.0017785,            0.004192,            0.004192,            0.004192
                 178,            0.016035,            0.012801,          0.00076977,             0.94566,             0.87586,             0.92837,             0.68476,            0.022878,             0.02114,           0.0017859,            0.004159,            0.004159,            0.004159
                 179,            0.016093,             0.01261,          0.00079963,             0.94214,             0.87953,              0.9272,             0.68315,            0.022891,            0.021142,           0.0017891,            0.004126,            0.004126,            0.004126
                 180,            0.015941,            0.012642,          0.00071664,             0.93864,             0.88185,             0.92762,             0.68404,            0.022903,            0.021159,            0.001792,            0.004093,            0.004093,            0.004093
                 181,            0.016008,            0.012884,          0.00075945,             0.94071,             0.88057,             0.92773,             0.68454,            0.022904,            0.021189,           0.0017903,             0.00406,             0.00406,             0.00406
                 182,            0.015848,            0.012668,          0.00075935,             0.93661,             0.88433,             0.92857,             0.68523,            0.022906,            0.021202,           0.0017879,            0.004027,            0.004027,            0.004027
                 183,            0.016034,            0.012586,          0.00072176,             0.94043,             0.88701,             0.92798,             0.68597,            0.022918,            0.021242,            0.001782,            0.003994,            0.003994,            0.003994
                 184,            0.015869,            0.012536,          0.00075864,             0.93881,             0.88722,             0.92797,             0.68545,            0.022922,             0.02125,           0.0017746,            0.003961,            0.003961,            0.003961
                 185,            0.015822,            0.012674,          0.00073692,             0.94013,             0.88574,              0.9283,             0.68629,            0.022924,            0.021255,           0.0017766,            0.003928,            0.003928,            0.003928
                 186,            0.015727,             0.01249,          0.00079462,             0.94121,             0.88456,             0.92866,             0.68641,            0.022915,            0.021258,           0.0017801,            0.003895,            0.003895,            0.003895
                 187,            0.015757,            0.012652,          0.00072505,             0.93414,             0.88783,             0.92832,               0.687,            0.022905,            0.021283,           0.0017794,            0.003862,            0.003862,            0.003862
                 188,            0.015624,            0.012448,          0.00072444,             0.93756,             0.88506,             0.92859,             0.68695,              0.0229,            0.021291,            0.001779,            0.003829,            0.003829,            0.003829
                 189,            0.015664,            0.012408,          0.00070615,             0.94146,             0.88277,             0.92861,             0.68676,            0.022901,              0.0213,            0.001776,            0.003796,            0.003796,            0.003796
                 190,            0.015565,            0.012615,          0.00068912,             0.94482,             0.88044,             0.92823,              0.6879,              0.0229,            0.021313,           0.0017752,            0.003763,            0.003763,            0.003763
                 191,            0.015624,            0.012476,          0.00076212,             0.94243,             0.88264,             0.92813,             0.68788,            0.022911,            0.021343,           0.0017781,             0.00373,             0.00373,             0.00373
                 192,            0.015194,            0.012116,          0.00068762,             0.94257,             0.88205,             0.92844,             0.68763,            0.022913,            0.021362,           0.0017826,            0.003697,            0.003697,            0.003697
                 193,            0.015393,            0.012334,          0.00074118,             0.94476,             0.88067,             0.92718,             0.68819,            0.022916,            0.021385,           0.0017906,            0.003664,            0.003664,            0.003664
                 194,            0.015136,            0.012217,          0.00069877,             0.94399,             0.88045,             0.92779,             0.68858,            0.022928,            0.021408,           0.0017973,            0.003631,            0.003631,            0.003631
                 195,            0.015443,            0.012333,          0.00072204,             0.94588,             0.88028,              0.9279,             0.68869,            0.022938,             0.02143,           0.0018057,            0.003598,            0.003598,            0.003598
                 196,            0.015266,            0.012324,          0.00072989,              0.9464,             0.88011,              0.9273,             0.68875,            0.022941,            0.021467,           0.0018119,            0.003565,            0.003565,            0.003565
                 197,            0.015113,            0.011868,          0.00071888,             0.94695,             0.88072,             0.92663,             0.68833,             0.02295,            0.021499,           0.0018133,            0.003532,            0.003532,            0.003532
                 198,            0.015239,            0.012262,          0.00068001,             0.94686,             0.88129,             0.92654,             0.68852,            0.022949,            0.021516,            0.001808,            0.003499,            0.003499,            0.003499
                 199,            0.015195,            0.012135,          0.00071189,             0.94836,             0.88096,             0.92639,             0.68811,            0.022953,             0.02153,           0.0018046,            0.003466,            0.003466,            0.003466
                 200,            0.015237,            0.012346,          0.00072547,             0.94885,             0.88107,             0.92772,             0.68821,            0.022957,            0.021538,           0.0017993,            0.003433,            0.003433,            0.003433
                 201,            0.015023,            0.012235,          0.00070096,               0.946,             0.88249,             0.92754,             0.68842,            0.022959,            0.021563,           0.0017942,              0.0034,              0.0034,              0.0034
                 202,            0.015032,            0.012008,           0.0007179,             0.94639,             0.88238,             0.92796,             0.68749,            0.022959,            0.021574,           0.0017888,            0.003367,            0.003367,            0.003367
                 203,            0.015013,             0.01185,          0.00070132,              0.9447,             0.88253,             0.92746,             0.68727,            0.022961,            0.021591,           0.0017871,            0.003334,            0.003334,            0.003334
                 204,            0.014937,            0.011936,            0.000694,             0.94347,             0.88414,              0.9274,             0.68758,            0.022966,            0.021605,           0.0017866,            0.003301,            0.003301,            0.003301
                 205,            0.015055,            0.011902,           0.0007267,             0.94133,              0.8842,              0.9271,             0.68791,            0.022969,            0.021629,           0.0017898,            0.003268,            0.003268,            0.003268
                 206,            0.014876,            0.011962,          0.00064777,             0.94126,             0.88431,             0.92704,             0.68829,            0.022976,            0.021654,           0.0017932,            0.003235,            0.003235,            0.003235
                 207,             0.01489,            0.011771,          0.00069905,             0.94044,             0.88397,             0.92684,             0.68824,            0.022981,            0.021672,           0.0017937,            0.003202,            0.003202,            0.003202
                 208,            0.014745,            0.011711,          0.00065294,             0.93999,              0.8849,             0.92683,             0.68801,            0.022978,            0.021686,            0.001793,            0.003169,            0.003169,            0.003169
                 209,            0.014847,             0.01175,          0.00070384,             0.94181,             0.88177,             0.92673,             0.68794,            0.022979,              0.0217,           0.0017966,            0.003136,            0.003136,            0.003136
                 210,            0.014567,            0.011716,          0.00066069,             0.94189,             0.88271,             0.92754,             0.68823,             0.02298,            0.021726,           0.0017967,            0.003103,            0.003103,            0.003103
                 211,            0.014631,            0.011609,          0.00070802,              0.9444,             0.88092,             0.92753,             0.68787,            0.022981,            0.021759,           0.0017974,             0.00307,             0.00307,             0.00307
                 212,            0.014712,            0.011868,          0.00063593,             0.94527,             0.88064,             0.92761,             0.68762,            0.022974,            0.021771,           0.0017969,            0.003037,            0.003037,            0.003037
                 213,            0.014581,            0.011603,          0.00072951,             0.94541,             0.87978,             0.92751,             0.68753,            0.022966,             0.02179,           0.0017966,            0.003004,            0.003004,            0.003004
                 214,            0.014362,            0.011595,          0.00070858,             0.94552,             0.87993,             0.92597,             0.68717,            0.022959,            0.021802,           0.0017929,            0.002971,            0.002971,            0.002971
                 215,            0.014485,            0.011742,          0.00068981,             0.94507,             0.87969,             0.92737,             0.68751,            0.022952,             0.02181,           0.0017916,            0.002938,            0.002938,            0.002938
                 216,            0.014393,            0.011495,          0.00067625,             0.94559,             0.88004,             0.92744,             0.68699,             0.02295,            0.021816,           0.0017889,            0.002905,            0.002905,            0.002905
                 217,            0.014326,            0.011576,          0.00069629,              0.9455,             0.88024,              0.9273,               0.687,            0.022947,             0.02183,           0.0017866,            0.002872,            0.002872,            0.002872
                 218,             0.01423,             0.01135,          0.00065191,             0.94619,             0.88006,             0.92704,             0.68635,            0.022943,            0.021843,           0.0017864,            0.002839,            0.002839,            0.002839
                 219,            0.014257,            0.011354,          0.00064849,             0.94623,             0.88055,             0.92644,               0.687,            0.022941,            0.021865,           0.0017887,            0.002806,            0.002806,            0.002806
                 220,            0.014274,            0.011463,          0.00067239,             0.94362,             0.88256,             0.92545,             0.68601,            0.022937,            0.021876,           0.0017888,            0.002773,            0.002773,            0.002773
                 221,            0.014066,            0.011402,          0.00065374,             0.94256,             0.88318,             0.92655,               0.686,            0.022935,            0.021888,           0.0017885,             0.00274,             0.00274,             0.00274
                 222,            0.014241,            0.011377,          0.00068782,             0.94213,               0.884,             0.92643,             0.68656,            0.022934,            0.021899,           0.0017884,            0.002707,            0.002707,            0.002707
                 223,            0.014136,            0.011155,          0.00067706,             0.94229,             0.88439,             0.92599,             0.68665,            0.022932,            0.021915,           0.0017896,            0.002674,            0.002674,            0.002674
                 224,            0.013959,             0.01125,           0.0006651,             0.93974,              0.8857,             0.92604,             0.68665,            0.022935,            0.021939,           0.0017926,            0.002641,            0.002641,            0.002641
                 225,            0.013815,            0.011209,          0.00060214,              0.9366,             0.88745,             0.92645,             0.68624,            0.022939,            0.021959,           0.0017961,            0.002608,            0.002608,            0.002608
                 226,            0.013794,            0.011129,          0.00063382,             0.93683,             0.88845,             0.92659,              0.6862,            0.022939,            0.021968,           0.0017982,            0.002575,            0.002575,            0.002575
                 227,            0.013862,            0.011415,          0.00062025,             0.93544,             0.89038,             0.92647,             0.68599,            0.022943,            0.021987,           0.0018014,            0.002542,            0.002542,            0.002542
                 228,            0.013673,             0.01123,          0.00062794,             0.93774,             0.88788,              0.9266,             0.68672,            0.022946,            0.022007,           0.0018032,            0.002509,            0.002509,            0.002509
                 229,            0.013628,            0.011164,          0.00061757,             0.93639,             0.88992,             0.92673,             0.68611,            0.022947,             0.02203,           0.0018047,            0.002476,            0.002476,            0.002476
                 230,            0.013702,            0.011218,          0.00062774,             0.93707,             0.88959,             0.92648,             0.68565,             0.02295,            0.022048,           0.0018059,            0.002443,            0.002443,            0.002443
                 231,            0.013601,            0.011094,          0.00061742,             0.93755,             0.88977,             0.92641,             0.68619,            0.022953,            0.022067,           0.0018065,             0.00241,             0.00241,             0.00241
                 232,            0.013637,            0.011151,          0.00063005,             0.93702,             0.88972,             0.92631,             0.68666,            0.022953,            0.022082,           0.0018056,            0.002377,            0.002377,            0.002377
                 233,            0.013612,            0.010943,          0.00062432,             0.93627,             0.88988,             0.92623,             0.68725,            0.022954,            0.022096,           0.0018046,            0.002344,            0.002344,            0.002344
                 234,            0.013612,            0.011265,          0.00059367,             0.93725,             0.88974,             0.92648,             0.68664,            0.022957,            0.022109,           0.0018044,            0.002311,            0.002311,            0.002311
                 235,            0.013444,            0.010736,          0.00063014,             0.93708,               0.889,             0.92629,             0.68636,            0.022959,             0.02212,           0.0018036,            0.002278,            0.002278,            0.002278
                 236,            0.013538,            0.011152,          0.00064934,             0.93937,               0.888,             0.92689,             0.68617,            0.022963,            0.022134,           0.0018044,            0.002245,            0.002245,            0.002245
                 237,            0.013284,            0.010839,          0.00059763,             0.93884,             0.88864,             0.92678,             0.68541,            0.022963,            0.022147,            0.001805,            0.002212,            0.002212,            0.002212
                 238,            0.013184,            0.010759,          0.00062132,             0.93853,             0.88871,             0.92689,             0.68534,            0.022965,             0.02216,           0.0018051,            0.002179,            0.002179,            0.002179
                 239,            0.013183,            0.010709,          0.00058569,             0.93861,             0.88851,             0.92693,             0.68558,            0.022966,            0.022176,           0.0018056,            0.002146,            0.002146,            0.002146
                 240,            0.013036,            0.010825,          0.00056527,             0.93887,             0.88862,             0.92694,             0.68596,            0.022967,            0.022189,            0.001806,            0.002113,            0.002113,            0.002113
                 241,            0.012952,            0.010597,          0.00056416,             0.93912,             0.88821,             0.92688,             0.68618,             0.02297,            0.022208,           0.0018064,             0.00208,             0.00208,             0.00208
                 242,             0.01303,            0.010611,          0.00058737,             0.93952,             0.88854,              0.9267,             0.68654,            0.022972,            0.022227,           0.0018073,            0.002047,            0.002047,            0.002047
                 243,            0.013043,            0.010557,           0.0006141,             0.93785,              0.8877,             0.92599,             0.68571,            0.022972,            0.022244,           0.0018081,            0.002014,            0.002014,            0.002014
                 244,            0.013031,            0.010501,            0.000554,             0.93759,             0.88808,             0.92592,             0.68557,            0.022977,            0.022265,           0.0018101,            0.001981,            0.001981,            0.001981
                 245,            0.012741,            0.010336,          0.00056281,              0.9372,             0.88767,             0.92577,             0.68568,            0.022976,            0.022279,           0.0018103,            0.001948,            0.001948,            0.001948
                 246,             0.01291,            0.010543,          0.00058388,             0.93773,             0.88772,             0.92578,             0.68576,            0.022979,            0.022296,           0.0018109,            0.001915,            0.001915,            0.001915
                 247,            0.012914,            0.010537,          0.00059729,             0.93756,             0.88762,             0.92573,             0.68541,            0.022983,            0.022315,           0.0018124,            0.001882,            0.001882,            0.001882
                 248,            0.012719,            0.010433,          0.00053798,              0.9377,             0.88748,             0.92569,              0.6848,            0.022986,            0.022332,           0.0018148,            0.001849,            0.001849,            0.001849
                 249,            0.012782,            0.010494,          0.00059792,             0.93762,             0.88735,             0.92565,             0.68501,            0.022988,            0.022349,           0.0018159,            0.001816,            0.001816,            0.001816
                 250,            0.012621,            0.010151,          0.00055811,             0.93702,             0.88721,             0.92547,             0.68498,            0.022991,            0.022364,           0.0018172,            0.001783,            0.001783,            0.001783
                 251,            0.012611,            0.010473,          0.00054118,             0.93726,             0.88647,             0.92549,             0.68495,            0.022991,            0.022378,            0.001819,             0.00175,             0.00175,             0.00175
                 252,            0.012577,            0.010273,          0.00054373,             0.93754,             0.88594,             0.92551,             0.68556,            0.022995,            0.022398,           0.0018209,            0.001717,            0.001717,            0.001717
                 253,            0.012509,            0.010415,          0.00052636,              0.9378,             0.88611,             0.92549,             0.68518,            0.022995,            0.022413,           0.0018234,            0.001684,            0.001684,            0.001684
                 254,            0.012366,              0.0102,          0.00053489,             0.93838,              0.8854,              0.9255,             0.68556,            0.022996,            0.022431,           0.0018262,            0.001651,            0.001651,            0.001651
                 255,            0.012326,            0.010163,          0.00052788,             0.93897,              0.8853,             0.92555,             0.68513,            0.022998,            0.022445,            0.001828,            0.001618,            0.001618,            0.001618
                 256,            0.012404,            0.010097,          0.00056567,             0.93957,             0.88501,             0.92573,             0.68482,               0.023,            0.022464,           0.0018295,            0.001585,            0.001585,            0.001585
                 257,            0.012404,            0.010316,          0.00056621,             0.93992,             0.88519,             0.92539,             0.68432,            0.023003,             0.02248,            0.001832,            0.001552,            0.001552,            0.001552
                 258,            0.012296,            0.010076,          0.00051634,             0.93994,             0.88525,              0.9255,             0.68432,            0.023005,            0.022498,           0.0018337,            0.001519,            0.001519,            0.001519
                 259,            0.012239,            0.010016,          0.00055225,             0.94007,              0.8846,             0.92528,             0.68418,             0.02301,             0.02252,           0.0018366,            0.001486,            0.001486,            0.001486
                 260,            0.012183,            0.010008,          0.00049136,             0.94043,             0.88411,             0.92529,             0.68469,            0.023013,             0.02254,           0.0018384,            0.001453,            0.001453,            0.001453
                 261,            0.012112,           0.0098081,          0.00051969,             0.94001,             0.88454,              0.9254,             0.68472,            0.023016,            0.022556,           0.0018401,             0.00142,             0.00142,             0.00142
                 262,            0.012136,            0.010061,          0.00050453,             0.94009,             0.88427,             0.92559,             0.68482,             0.02302,            0.022573,           0.0018425,            0.001387,            0.001387,            0.001387
                 263,            0.012108,           0.0098594,          0.00052138,             0.94068,             0.88399,             0.92581,             0.68518,            0.023023,            0.022588,           0.0018436,            0.001354,            0.001354,            0.001354
                 264,            0.012074,           0.0099835,          0.00050871,             0.94361,             0.88116,             0.92571,             0.68497,             0.02303,            0.022608,           0.0018463,            0.001321,            0.001321,            0.001321
                 265,             0.01197,            0.010021,          0.00050626,             0.94265,             0.88179,              0.9256,             0.68519,            0.023033,            0.022623,           0.0018481,            0.001288,            0.001288,            0.001288
                 266,            0.011851,           0.0098679,           0.0004955,             0.94105,             0.88382,             0.92545,             0.68496,            0.023036,             0.02264,           0.0018503,            0.001255,            0.001255,            0.001255
                 267,            0.011841,           0.0097357,          0.00050872,             0.94254,             0.88206,             0.92525,             0.68515,             0.02304,            0.022658,            0.001853,            0.001222,            0.001222,            0.001222
                 268,             0.01181,           0.0098712,          0.00048944,             0.94171,             0.88329,             0.92512,               0.685,            0.023045,            0.022677,           0.0018553,            0.001189,            0.001189,            0.001189
                 269,            0.011705,           0.0097659,           0.0005002,              0.9424,             0.88221,             0.92501,             0.68478,            0.023049,            0.022699,           0.0018578,            0.001156,            0.001156,            0.001156
                 270,            0.011665,           0.0096347,          0.00049943,             0.94221,             0.88252,             0.92494,             0.68491,            0.023055,            0.022719,             0.00186,            0.001123,            0.001123,            0.001123
                 271,             0.01172,           0.0095548,           0.0005419,             0.94216,             0.88243,             0.92467,              0.6853,            0.023059,            0.022739,           0.0018623,             0.00109,             0.00109,             0.00109
                 272,            0.011476,           0.0095078,          0.00046963,             0.94234,             0.88237,             0.92446,             0.68518,            0.023061,            0.022759,           0.0018643,            0.001057,            0.001057,            0.001057
                 273,            0.011641,           0.0094299,          0.00049357,             0.94236,              0.8823,             0.92435,             0.68501,            0.023066,            0.022776,           0.0018656,            0.001024,            0.001024,            0.001024
                 274,            0.011632,           0.0096453,          0.00050129,             0.94301,              0.8814,             0.92444,             0.68489,            0.023072,            0.022797,           0.0018666,            0.000991,            0.000991,            0.000991
                 275,            0.011495,           0.0094848,          0.00045749,             0.94335,             0.88112,             0.92437,              0.6848,            0.023076,            0.022814,           0.0018674,            0.000958,            0.000958,            0.000958
                 276,            0.011338,            0.009443,          0.00044928,             0.94093,             0.88349,             0.92437,             0.68462,            0.023078,            0.022832,           0.0018685,            0.000925,            0.000925,            0.000925
                 277,            0.011348,           0.0093233,          0.00048766,             0.94106,             0.88347,             0.92399,             0.68441,            0.023082,            0.022848,             0.00187,            0.000892,            0.000892,            0.000892
                 278,            0.011373,           0.0094238,          0.00049482,             0.94344,             0.88233,             0.92456,             0.68382,            0.023087,             0.02287,           0.0018711,            0.000859,            0.000859,            0.000859
                 279,            0.011334,           0.0094244,          0.00046911,             0.94332,             0.88262,             0.92456,             0.68393,            0.023091,            0.022889,           0.0018725,            0.000826,            0.000826,            0.000826
                 280,            0.011193,           0.0092664,          0.00044692,             0.94168,             0.88442,             0.92448,             0.68415,            0.023096,            0.022914,           0.0018742,            0.000793,            0.000793,            0.000793
                 281,            0.011174,           0.0091822,          0.00051202,             0.94454,             0.88084,             0.92435,             0.68398,            0.023101,            0.022937,           0.0018765,             0.00076,             0.00076,             0.00076
                 282,            0.011248,           0.0092289,           0.0004467,             0.94535,             0.87962,             0.92424,             0.68453,            0.023105,            0.022959,           0.0018782,            0.000727,            0.000727,            0.000727
                 283,            0.011084,           0.0092855,          0.00051983,              0.9443,             0.88002,             0.92408,             0.68457,             0.02311,            0.022985,           0.0018802,            0.000694,            0.000694,            0.000694
                 284,            0.011095,           0.0090769,          0.00050873,             0.94381,             0.87964,             0.92342,             0.68438,            0.023115,            0.023009,           0.0018822,            0.000661,            0.000661,            0.000661
                 285,            0.011006,           0.0090943,          0.00048797,             0.94441,              0.8794,              0.9238,              0.6846,            0.023118,            0.023029,           0.0018837,            0.000628,            0.000628,            0.000628
                 286,            0.011032,           0.0091544,           0.0004611,             0.94179,             0.88383,             0.92423,             0.68457,            0.023124,            0.023052,           0.0018857,            0.000595,            0.000595,            0.000595
                 287,            0.011052,           0.0092939,          0.00052433,             0.94156,             0.88391,             0.92415,             0.68455,            0.023128,            0.023074,           0.0018879,            0.000562,            0.000562,            0.000562
                 288,            0.010917,           0.0091244,          0.00046782,             0.94194,             0.88379,             0.92414,             0.68444,            0.023133,            0.023093,           0.0018904,            0.000529,            0.000529,            0.000529
                 289,            0.010799,           0.0088291,           0.0004778,             0.94545,             0.87964,             0.92392,             0.68489,            0.023138,            0.023115,           0.0018917,            0.000496,            0.000496,            0.000496
                 290,            0.010798,           0.0088862,          0.00046611,             0.94549,             0.87987,             0.92386,              0.6851,            0.023143,            0.023136,           0.0018936,            0.000463,            0.000463,            0.000463
                 291,             0.01068,           0.0088124,          0.00046187,             0.94218,             0.88311,             0.92376,             0.68468,            0.023148,            0.023157,           0.0018951,             0.00043,             0.00043,             0.00043
                 292,            0.010708,           0.0087856,          0.00048232,             0.94339,             0.88174,             0.92361,             0.68457,            0.023154,            0.023177,           0.0018965,            0.000397,            0.000397,            0.000397
                 293,            0.010541,           0.0086935,          0.00046493,              0.9455,             0.87993,             0.92354,             0.68449,            0.023159,            0.023197,           0.0018981,            0.000364,            0.000364,            0.000364
                 294,            0.010588,           0.0088584,          0.00044998,             0.94712,               0.879,             0.92356,             0.68453,            0.023165,            0.023218,           0.0018993,            0.000331,            0.000331,            0.000331
                 295,            0.010603,           0.0089744,          0.00041574,             0.94727,             0.87903,             0.92349,             0.68478,             0.02317,            0.023238,           0.0019012,            0.000298,            0.000298,            0.000298
